{
  "y": 0.011543096418704619,
  "vely": -0.08062669867690939,
  "accy": -0.07880616889140901,
  "obstaclesOnScreen": 0.006895343890001322,
  "xNextObstacle": 0.016814755967689925,
  "yNextObstacle": 0.002912764699243658,
  "lastMove": -0.8818452227722351,
  "bias": 0.009387134719039356
}
