{
  "y": 0.013411993485709909,
  "vely": -0.08148273025440389,
  "accy": -0.0761463185626338,
  "obstaclesOnScreen": 0.0041100064154423865,
  "xNextObstacle": 0.027795149994450093,
  "yNextObstacle": 0.004160893085262107,
  "lastMove": -0.88151581179856,
  "bias": 0.022627868109728777
}
