{
  "y": 0.01,
  "vely": -0.09563346825609785,
  "accy": -0.09375402104195055,
  "obstaclesOnScreen": 0,
  "xNextObstacle": 0.01,
  "yNextObstacle": -0.007827064167219054,
  "lastMove": -0.891100696874929,
  "bias": 0
}
